Título,Ativos
AAGR11,[]
AAZQ11,[]
ABCP11,"['SHOPPING GRAND PLAZA', 'PRÉDIO COMERCIAL']"
AFHI11,[]
AGRX11,[]
AIEC11,"['STANDARD BUILDING', 'ROCHAVERÁ DIAMOND TOWER']"
AJFI11,"['CONTINENTE SHOPPING', 'BALNEÁRIO SHOPPING', 'NAÇÕES SHOPPING', 'GARTEN SHOPPING', 'NORTE SHOPPING', 'NEUMARKT SHOPPING']"
ALMI11,['EDIFÍCIO TORRE ALMIRANTE']
ALZC11,[]
ALZM11,[]
ALZR11,"['AIR LIQUIDE', 'BRF GUARULHOS', 'APTIV', 'IPG', 'ATENTO', 'SANTILLANA', 'BRF BAURU', 'DASA ASCENDINO REIS', 'DASA SUMARÉ', 'DECATHLON MORUMBI', 'GLOBO', 'PANDURATA', 'COCA-COLA SANTO ANDRÉ', 'SKY', 'DUPONT', 'PUERI DOMUS', 'LOJA OBA SÃO BERNARDO DO CAMPO', 'LOJA OBA SÃO JOSÉ DO RIO PRETO', 'CD OBA SUMARÉ', 'CD MERCADO LIVRE']"
APTO11,"['IMÓVEL IT HOME', 'EDIÇÃO JARDINS', 'IMÓVEL CLARION']"
APXM11,[]
ARCT11,"['POLI-GYN', 'IMÓVEL MIRASSOL', 'IMÓVEL ANDORINHA', 'GALPÃO VOAR', 'IMÓVEL ANDORINHA', 'IMÓVEL CORUMBATAÍ', 'COMFRIO', 'CERVEJARIA CIDADE IMPERIAL', 'SPLICE INDÚSTRIA', 'ATACADÃO DIA A DIA']"
AROA11,[]
ARRI11,[]
ARXD11,[]
ASMT11,"['EDIFÍCIO SOUZA ARANHA II', 'IMÓVEL PORTO ALEGRE', 'EDIFÍCIO SOUZA ARANHA I']"
ASRF11,[]
ATSA11,['ATRIUM SHOPPING SANTO ANDRÉ']
AURB11,"['URBANHUB MAUÁ', 'URBANHUB GUARULHOS']"
AZPL11,[]
BARI11,[]
BBFI11B,"['AGÊNCIA BANCO DO BRASIL', 'CENTRO ADMINISTRATIVO DO ANDARAÍ']"
BBFO11,[]
BBGO11,[]
BBIG11,[]
BBIM11,[]
BBPO11,"['AGÊNCIA AFONSO PENA', 'AGÊNCIA MOEMA', 'AGÊNCIA NITERÓI', 'AGÊNCIA NOSSA SENHORA DA LAPA', 'AGÊNCIA ANA ROSA', 'AGÊNCIA PARAÍSO', 'AGÊNCIA ARAÇATUBA', 'AGÊNCIA PASSO FUNDO', 'AGÊNCIA ALDEOTA', 'AGÊNCIA ASA NORTE 504', 'AGÊNCIA PÇA. DA ÁRVORE', 'AGÊNCIA ASA SUL 507', 'AGÊNCIA RUI BARBOSA', 'AGÊNCIA BELÉM CENTRO', 'AGÊNCIA PRAÇA. XV NOVEMBRO BESC', 'AGÊNCIA BELO HORIZONTE', 'AGÊNCIA PENHA DE FRANCA', 'AGÊNCIA BOM RETIRO', 'AGÊNCIA PINHEIROS', 'AGÊNCIA BONFIM', 'AGÊNCIA PONTA GROSSA', 'AGÊNCIA BRÁS', 'AGÊNCIA RIBEIRÃO PRETO', 'AGÊNCIA BROOKLIN PAULISTA', 'AGÊNCIA SANTANA', 'AGÊNCIA CAMPINAS', 'AGÊNCIA SANTO AMARO PAULISTA', 'AGÊNCIA CAMPOS ELÍSEOS', 'AGÊNCIA SÃO CAETANO DO SUL', 'AGÊNCIA CAMPOS GOYTACAZES', 'AGÊNCIA SÃO JOSÉ DOS CAMPOS', 'AGÊNCIA CARIJÓS', 'AGÊNCIA SÃO JOSÉ RIO PRETO', 'AGÊNCIA CASA VERDE', 'AGÊNCIA TAMOIOS', 'AGÊNCIA CATEDRAL SOROCABA', 'AGÊNCIA TIJUCA', 'AGÊNCIA CAXIAS DO SUL', 'AGÊNCIA TOLEDO', 'AGÊNCIA CENTRO', 'AGÊNCIA UBERLÂNDIA', 'AGÊNCIA CINELÂNDIA', 'AGÊNCIA VILA CARRÃO', 'AGÊNCIA CONJUNTO NACIONAL', 'AGÊNCIA ZONA SUL', 'AGÊNCIA DUQUE DE CAXIAS', 'CSL BELO HORIZONTE', 'AGÊNCIA FLORIANÓPOLIS', 'CSL BRASÍLIA', 'AGÊNCIA FREGUESIA DO Ó', 'CSL CURITIBA', 'AGÊNCIA GENERAL VALADÃO', 'CSL SÃO PAULO', 'AGÊNCIA IPIRANGA', 'AGÊNCIA JACAREPAGUÁ', 'EDIFÍCIO SEDE III', 'AGÊNCIA JUIZ DE FORA', 'PSO PIRACICABA', 'AGÊNCIA LEBLON', 'SUPER VAR E GOV MATO GROSSO', 'AGÊNCIA MANAUS', 'SUPER VAR E GOV RIO GRANDE DO SUL', 'AGÊNCIA MARINGÁ', 'EDIFÍCIO CACEX']"
BBRC11,"['AGÊNCIA ESTILO JOAQUIM FLORIANO', 'AGÊNCIA AV. FRANCISCO MORATO', 'AGÊNCIA ESTILO NOVA FARIA LIMA', 'AGÊNCIA AV. SANTO AMARO', 'AGÊNCIA ESTILO SANTO AMARO', 'AGÊNCIA DEMARCHI', 'AGÊNCIA ESTILO VILA ESPERANÇA', 'AGÊNCIA ESTILO AV. PORTUGAL', 'AGÊNCIA IMPERATRIZ LEOPOLDINA', 'AGÊNCIA ESTILO BERRINI', 'AGÊNCIA PAES DE BARROS', 'AGÊNCIA PARQUE DA ACLIMAÇÃO', 'AGÊNCIA ESTILO BUTANTÃ', 'AGÊNCIA PEDRO PINHO', 'AGÊNCIA ESTILO CAMBUÍ', 'AGÊNCIA PQ. BOTURUSSU', 'AGÊNCIA ESTILO ESTADOS UNIDOS', 'AGÊNCIA ESTILO INDIANÓPOLIS', 'AGÊNCIA ESTILO JARDIM PAULISTA', 'AGÊNCIA PQ. ACLIMAÇÃO']"
BCFF11,[]
BCIA11,[]
BCRI11,[]
BDIF11,[]
BDIV11,[]
BETW11,[]
BICE11,[]
BICR11,[]
BIDB11,[]
BIME11,[]
BIPD11,[]
BLCA11,['EDIFÍCIO PÁTIO VICTOR MALZONI']
BLCP11,"['INDUSTRIAL CITYGATE CABREÚVA I', 'INDUSTRIAL CITYGATE CABREÚVA II']"
BLMC11,[]
BLMG11,"['BMLOG EXTREMA', 'BMLOG SÃO BERNARDO DO CAMPO', 'BMLOG JANDIRA', 'BTS RIO DE JANEIRO']"
BLMO11,['TORRE OESTE']
BLMR11,[]
BLOG11,[]
BLUR11,[]
BMLC11,['TORRE RIO SUL']
BNFS11,"['AGÊNCIA QUARAI', 'AGÊNCIA ARROIO DO SAL', 'AGÊNCIA SANTA ROSA', 'AGÊNCIA BELÉM NOVO', 'AGÊNCIA SÃO GABRIEL', 'AGÊNCIA CAMBOIM', 'AGÊNCIA SAPIRANGA', 'AGÊNCIA CAMPINA', 'AGÊNCIA SCHARLAU', 'AGÊNCIA CASSINO', 'AGÊNCIA TANCREDO NEVES', 'AGÊNCIA CRUZ ALTA', 'AGÊNCIA TAQUARI', 'AGÊNCIA GENERAL CÂMARA', 'AGÊNCIA VACARIA', 'AGÊNCIA PADRE CLARET', 'AGÊNCIA VILA IPIRANGA', 'AGÊNCIA PAROBÉ']"
BODB11,[]
BPFF11,[]
BPLC11,['CONDOMÍNIO LED CORPORATE']
BPML11,"['SHOPPING ILHA PLAZA', 'SHOPPING CASA & GOURMET', 'SHOPPING LONDRINA NORTE', 'OSASCO PLAZA SHOPPING', 'SHOPPING CAPIM DOURADO', 'SHOPPING CONTAGEM', 'SHOPPING PLAZA MACAÉ']"
BPRP11,['AURORA ALIMENTOS']
BRCO11,"['BRESCO CONTAGEM', 'GPA CD04', 'BRESCO ITUPEVA', 'BRF', 'HUB NATURA', 'WHIRLPOOL', 'BRESCO LAURO DE FREITAS', 'BRESCO EMBU', 'BRESCO CANOAS', 'BRESCO RESENDE', 'BRESCO OSASCO', 'NATURA MURICI']"
BRCR11,"['ELDORADO BUSINESS TOWER', 'EZ TOWERS B', 'EDIFÍCIO MONTREAL', 'CEO OFFICE', 'EDIFÍCIO MAYRINK VEIGA', 'DIAMOND TOWER', 'EDIFÍCIO SENADO', 'SUCUPIRA', 'TORRE ALMIRANTE']"
BREV11,"['EDIFICIO MYKONOS', 'EDIFÍCIO ATRIUM IV', 'EDIFÍCIO PLAZA I', 'EDIFÍCIO ATRIUM JARDINS', 'EDIFÍCIO RESULT CORPORATE PLAZA', 'EDIFÍCIO ATRIUM VIII', 'EDIFÍCIO BUENO BUSINESS TOWER', 'EDIFICIO SPAZIO CENTRALE', 'EDIFÍCIO JF 100', 'EDIFÍCIO MILLENIUM', 'EDIFÍCIO PARQUE PAULISTA']"
BRFT11,[]
BRIM11,[]
BRIP11,[]
BRLA11,"['IMÓVEL - LUCAS RIO VERDE', 'IMÓVEL - VITÓRIA DA CONQUISTA', 'IMÓVEL - CUIABÁ', 'IMÓVEL - ITAJAÍ', 'IMÓVEL - VIANA', 'IMÓVEL - CONDE', 'IMÓVEL - BELO HORIZONTE', 'IMÓVEL - QUERÊNCIA']"
BROF11,"['PASSEIO CORPORATE', 'EDIFÍCIO ÁGUAS CLARAS', 'EDIFÍCIO E-TOWER']"
BRZP11,[]
BTAG11,[]
BTAL11,"['CENTRO DE RECEBIMENTO CASCÁVEL', 'CENTRO DE RECEBIMENTO PALOTINA', 'COMPLEXO SEMENTES TOLEDO', 'CENTRO DE RECEBIMENTO IBEMA', 'TERMINAL INTERMODAL ITURAMA', 'CENTRO DE RECEBIMENTO MARIPÁ', 'TERMINAL PORTUÁRIO VILA VELHA', 'ARMAZÉM GRANELEIRO', 'IMÓVEL ITUMBIARA']"
BTCI11,[]
BTCR11,[]
BTHI11,[]
BTLG11,"['IMÓVEL NAVEGANTES', 'ATIVO SBC', 'BRASIL FOODS - BRF', 'BTLG JUNDIAÍ', 'NATURA', 'CONTINENTAL CASTELLO BANCO', 'WESTROCK BRAZIL', 'HORTOLÂNDIA', 'BTLG RIBEIRÃO PRETO', 'EMBU', 'IMOVEL GUARULHOS', 'BTLG COTIA', 'BTLG FARIA LIMA', 'BTLG MAUA', 'BTLG CAMÇARI', 'BTLG CAMPINAS', 'BTLG EXTREMA', 'AMBEV SANTA LUZIA', 'BTLG CAJAMAR I', 'BTLG CAJAMAR II', 'BTLG CAMPINAS II', 'BTLG CABREUVA']"
BTML11,[]
BTRA11,"['FAZENDA SORRISO - HENDGES', 'FAZENDA COLIBRI - BERGAMASCO', 'FAZENDA MILTON CELLA', 'FAZENDA CACHOEIRIA - RUI PRADO', 'FAZENDA JR', 'FAZENDA TRES IRMÃOS - BERGAMASCO']"
BTSG11,['FÁBRICA POUSO ALEGRE']
BTSI11,[]
BTWR11,['BROOKFIELD TOWERS']
BTYU11,[]
BZEL11,[]
CACR11,[]
CARE11,[]
CBOP11,['TORRE JATOBÁ']
CCME11,"['KASA VILA OLIMPIA', 'SELINA', 'SHOPPING JARDIM SUL']"
CCRF11,[]
CCVA11,[]
CDII11,[]
CEOC11,['EDIFÍCIO CORPORATE EXECUTIVE OFFICES']
CFHI11,[]
CFII11,[]
CIXM11,[]
CJCT11,['CIDADE JARDIM CONTINENTAL TOWER']
CLIN11,[]
CNES11,['CENTRO EMPRESARIAL DE SÃO PAULO']
COPP11,[]
CORM11,[]
CPFF11,[]
CPFO11,[]
CPOF11,"['FARIA LIMA PLAZA', 'OSCAR FREIRE OFFICE', 'SPOT LEBLON']"
CPSH11,"['CATARINA FASHION OUTLET', 'IGUATEMI FORTALEZA', 'SHOPPING CIDADE JARDIM', 'PRAIA DE BELAS', 'SHOPPING METRO TATUAPÉ', 'SHOPPING BOULEVARD TATUAPÉ', 'PARQUE DOM PEDRO SHOPPING', 'IGUATEMI FASHION OUTLET NOVO HAMBURGO', 'RIO DESIGN LEBLON']"
CPTI11,[]
CPTR11,[]
CPTS11,[]
CRAA11,[]
CRFF11,[]
CSMC11,[]
CTXT11,['CENTRO TÊXTIL INTERNACIONAL']
CVBI11,[]
CVPR11,[]
CXAG11,"['AGÊNCIA MADUREIRA', 'AGÊNCIA ITABIRA', 'AGÊNCIA GIOVANNI BREDA', 'AGÊNCIA ATIBAIA', 'AGÊNCIA MONTES CLAROS', 'AGÊNCIA PIRACICABA', 'AGÊNCIA BAEPENDI', 'AGÊNCIA GUIA LOPES', 'AGÊNCIA OSORIO', 'AGÊNCIA MANCHESTER', 'AGÊNCIA SOLEDADE', 'AGÊNCIA SÃO LOURENÇO', 'AGÊNCIA SANTA CRUZ DO SUL', 'AGÊNCIA FREIRE ALEMÃO', 'AGÊNCIA HORTO DE IPATINGA', 'AGÊNCIA JACAREI', 'AGÊNCIA INHANGA', 'AGÊNCIA CACHOEIRA DO SUL', 'AGÊNCIA URUGUAIANA', 'AGÊNCIA QUEIMADOS', 'AGÊNCIA PILARES', 'AGÊNCIA PELOTAS', 'AGÊNCIA RIBEIRÃO PIRES', 'AGÊNCIA ARAGUARI', 'AGÊNCIA BELA VISTA', 'AGÊNCIA MAGÉ', 'AGÊNCIA CAPÃO DA CANOA', 'AGÊNCIA ELOI MENDES', 'AGÊNCIA BOM FIM', 'AGÊNCIA MACAÉ', 'AGÊNCIA FREDERICO WESTPHALEN', 'AGÊNCIA LAJEADO']"
CXCE11B,['CEDAE']
CXCI11,[]
CXCO11,"['EDIFÍCIO CAIXA', 'EDIFÍCIO QUERENCIA', 'EDIFÍCIO CARLOS GO', 'EDIFÍCIO SEDE CONTORNO', 'EDIFÍCIO CASCAVEL', 'EDIFÍCIO SEDE MATO GROSSO', 'EDIFÍCIO BLUMENAU', 'EDIFÍCIO CICOB', 'EDIFÍCIO NOVO HAMBURGO', 'EDIFÍCIO HORTO FLO']"
CXRI11,[]
CXTL11,['ATMOSFERA']
CYCR11,[]
DAMA11,[]
DAMT11B,['VENTURA SHOPPING DE DESCONTOS']
DCRA11,[]
DEVA11,[]
DLMT11,"['EDIFÍCIO HORIZONTE', 'EDIFÍCIO THE LANDMARK', 'SUC N° 101', 'CONDOMÍNIO UBER ITAIM', 'EDIFÍCIO DANIELA']"
DPRO11,['GALPÃO ITAPEVI']
DRIT11B,"['EDIFÍCIO PEDRA GRANDE', 'EDIFÍCIO TORRE SUL', 'EDIFÍCIO NAÇÕES UNIDAS']"
DVFF11,[]
EDFO11B,['EDIFÍCIO OURINVEST']
EDGA11,['EDIFÍCIO GALERIA']
EGAF11,[]
ENDD11,[]
EQIA11,[]
EQIR11,[]
ERCR11,[]
ERPA11,"['UNIDADE 109', 'UNIDADE 103', 'UNIDADE 209', 'UNIDADE 210', 'UNIDADE 203', 'UNIDADE 201', 'UNIDADE 104', 'UNIDADE 102', 'UNIDADE 204', 'UNIDADE 202']"
ESUD11,[]
ESUT11,[]
ESUU11,[]
EURO11,"['CENTRO DE DIAGNÓSTICOS RIO DE JANEIRO - 1', 'CDA 1 - MÓDULOS 1/2/3/4', 'CENTRO DE DIAGNÓSTICOS RIO DE JANEIRO - 2', 'CDA 2', 'LABORATÓRIO TESTE DE ELEVADORES', 'CDA 3']"
EVBI11,"['GPA GRANJA VIANA', 'MDX MEDICAL CENTER', 'PÃO DE AÇUCAR TITO', 'GPA SANTANA', 'SODIMAC RIBEIRÃO PRETO']"
EXES11,[]
FAED11,"['LEME', 'TABOÃO DA SERRA', 'VALINHOS']"
FAMB11B,['EDIFÍCIO ALMIRANTE BARROSO']
FAOE11,[]
FATN11,"['EDIFÍCIO ATRIUM I', 'EDIFÍCIO CONSELHEIRO PARANAGUÁ', 'EDIFÍCIO ÉRIKA', 'EDIFÍCIO BANCO MERCANTIL DO BRASIL', 'EDIFÍCIO HARVARD', 'EDIFÍCIO BUSINESS CENTER JARDINS', 'EDIFÍCIO SETIN TOWER', 'EDIFÍCIO NETWORK', 'EDIFÍCIO ATRIUM II', 'EDIFÍCIO ATRIUM VII', 'EDIFÍCIO ARANDU', 'EDIFÍCIO MONTREAL', 'EDIFÍCIO OLYMPIA PARK', 'EDIFÍCIO GC SQUARE CORPORATE', 'EDIFÍCIO IRACEMA', 'EDIFÍCIO AEROPORTO II', 'EDIFÍCIO AEROPORTO I', 'EDIFÍCIO THERA BERRINI', 'EDIFÍCIO MANHATTAM', 'EDIFÍCIO FORTALEZA', 'EDIFÍCIO MAXIMUM', 'EDIFÍCIO AV. PAULISTA', 'EDIFÍCIO LAFAYETTE', 'EDIFÍCIO NAÇÕES UNIDAS III', 'EDIFÍCIO COLUMBUS', 'EDIFÍCIO FRANCISCO LOPES', 'EDIFÍCIO THE TAJ', 'EDIFÍCIO BRASIF', 'EDIFÍCIO ATRIUM IV', 'EDIFÍCIO ATRIUM JARDINS', 'EDIFÍCIO ATRIUM VIII', 'EDIFÍCIO BUENO BUSINESS TOWER', 'EDIFÍCIO JF 100', 'EDIFÍCIO MILLENNIUM', 'EDIFÍCIO MYKONOS', 'EDIFÍCIO PLAZA I', 'EDIFÍCIO RESULT CORPORATE PLAZA', 'EDIFÍCIO SPAZIO CENTRALE', 'EDIFÍCIO BEIRA RIO', 'EDIFÍCIO SANTA FILIPPA', 'EDIFÍCIO RONALDO SAMPAIO FERREIRA', 'EDIFÍCIO WILSON MENDES CALDEIRA', 'EDIFÍCIO BUSINESS CENTER', 'EDIFÍCIO CENTER DR. NAUR MARTINS', 'EDIFÍCIO MONUMENTO']"
FCFL11,['INSTITUTO DE ENSINO E PESQUISA']
FEXC11,[]
FGAA11,[]
FIGS11,"['PRQ SHOPPING MAIA', 'BONSUCESSO SHOPPING']"
FIIB11,[]
FIIP11B,"['DANFOSS', 'CERVEJARIA AMBEV', 'PERNAMBUCANAS', 'BARRY CALLEBAUT', 'MAGAZINE LUIZA', 'C&A', 'TELHA NORTE']"
FISC11,"['SC 401 SQUARE CORP.', 'W TOWER']"
FLCR11,[]
FLFL11,[]
FLMA11,"['CONTINENTAL SQUARE', 'HOTEL PULLMAN']"
FLRP11,['FLORIANÓPOLIS SHOPPING CENTER']
FMOF11,['EDIFÍCIO MEMORIAL OFFICE']
FPAB11,"['EDIFÍCIO NEW YORK', 'EDIFÍCIO LOS ANGELES']"
FRHY11,[]
FVPQ11,['SHOPPING VIA PARQUE']
FZDA11,[]
FZDB11,[]
GALG11,"['AIR LIQUIDE - CANOAS', 'BRF - PERNAMBUCO', 'BRF - SALVADOR', 'AIR LIQUIDE - SÃO JOSÉ DOS CAMPOS', 'SOUZA CRUZ - CACHOEIRINHA']"
GAME11,[]
GARE11,"['PÃO DE AÇÚCAR - ANGÉLICA', 'PÃO DE AÇÚCAR - VILA LEOPOLDINA', 'PÃO DE AÇÚCAR - SABARÁ', 'PÃO DE AÇÚCAR - ABILIO SOARES', 'PÃO DE AÇÚCAR - SANTO ANDRÉ', 'PÃO DE AÇÚCAR - CAMPINAS', 'PÃO DE AÇÚCAR - PARÓQUIA', 'PÃO DE AÇÚCAR - BÚZIOS', 'PÃO DE AÇÚCAR - BRASÍLIA', 'PÃO DE AÇÚCAR - BRASÍLIA', 'PÃO DE AÇÚCAR - GOIÂNIA', 'MATEUS - MACEIÓ', 'MATEUS - MACEIÓ', 'PÃO DE AÇÚCAR - JACOBINA', 'MATEUS - CONCEIÇÃO DO COITÉ', 'MATEUS - ITABUNA', 'MATEUS - VITÓRIA DA CONQUISTA', 'MATEUS - CAJAZEIRAS', 'MATEUS - SOUSA', 'MATEUS - TIMON', 'AIR LIQUIDE - SÃO JOSÉ DOS CAMPOS', 'AIR LIQUIDE - CANOAS', 'BAT SOUZA CRUZ - CACHOEIRINHA', 'BRF VISA - VITÓRIA DE SANTO ANTÃO', 'ALMANARA - JANDIRA']"
GCFF11,[]
GCOI11,[]
GCRA11,[]
GCRI11,[]
GESE11B,['CASA DAROS']
GGRC11,"['AETHRA', 'COVOLAN', 'HERING ANÁPOLIS', 'AMBEV ITAJAÍ', 'AMBEV PELOTAS', 'MOINHO - CASCAVEL', 'CAMARGO EMBALAGENS', 'MOINHO – SÃO MIGUEL DO IGUAÇU', 'CEPALGO EMBALAGENS FLEXÍVEIS LTDA', 'SUZANO', 'COPOBRÁS IND. E COMÉRCIO DE EMBALAGENS LTDA', 'TODIMO', 'EAGLEBURGMANN', 'AMBEV GUARULHOS', 'BENTELER', 'SANTA CRUZ', 'AMERICANAS UBERLÂNDIA', 'RIZOBACTER', 'GRUPO CB/ASSAI ATACADISTA', 'DAFITI', 'MERCADO LIVRE/TOYOTA']"
GLOG11,['PARQUE LOGÍSTICO']
GRWA11,[]
GSFI11,"['PARQUE SHOPPING BARUERI', 'OUTLET PREMIUM BRASÍLIA', 'PARQUE SHOPPING SULACAP', 'OUTLET PREMIUM GRANDE SÃO PAULO', 'OUTLET PREMIUM RIO DE JANEIRO', 'SHOPPING BONSUCESSO', 'OUTLET PREMIUM SALVADOR', 'UNIMART SHOPPING CAMPINAS', 'OUTLET PREMIUM SÃO PAULO']"
GTLG11,"['DISTRIBUTION CENTER BARUERI', 'DISTRIBUTION CENTER CAJAMAR', 'DISTRIBUTION CENTER RODOANEL', 'CENTRO LOGÍSTICO EMBU']"
GTWR11,['EDIFÍCIO GREEN TOWERS']
GURB11,[]
GZIT11,"['SHOPPING LIGHT', 'SHOPPING PRADO BOULERVARD', 'SHOPPING MORUMBI TOWN', 'INTERNACIONAL SHOPPING', 'MAIS SHOPPING']"
HAAA11,"['EDIFÍCIO WT MORUMBI', 'EDIFÍCIO THERA CORPORATE']"
HABT11,[]
HBCR11,"['PREDIO COMERCIAL DECATHLON GOIANIA', 'PREDIO COMERCIAL DECATHLON CAMPINAS', 'PREDIO COMERCIAL DECATHLON RAPOSO TAVARES', 'PREDIO COMERCIAL DECATHLON JOINVILLE', 'ASSAI CAUCAIA', 'CENTRO DE DISTRIBUIÇÃO GPA CAUCAIA']"
HBRH11,"['THE CITTYPLEX', 'ONE ELEVEN', 'NEOLINK OFFICE, MALL & STAY', 'BARRA PRIVATE', 'CONDOMÍNIO HELBOR TRILOGY HOME & OFFICES']"
HCHG11,[]
HCRA11,[]
HCRI11,['HOSPITAL DA CRIANÇA']
HCTR11,[]
HDEL11,['CITLOG VARGINHA']
HFOF11,[]
HGAG11,[]
HGBL11,"['CONDOMÍNIO LOGÍSTICO INDUSTRIAL SALTO', 'PARQUE ANHANGUERA']"
HGBS11,"['SHOPPING JARDIM SUL', 'FLORIPA SHOPPING', 'SHOPPING PARQUE DOM PEDRO', 'GOIABEIRAS SHOPPING CENTER', 'SHOPPING PRAÇA DA MOÇA', 'GRAND PLAZA SHOPPING', 'SHOPPING VILLA LOBOS', 'I FASHION OUTLET – NOVO HAMBURGO', 'SHOPPING WEST PLAZA', 'MOOCA PLAZA SHOPPING', 'SUZANO SHOPPING', 'SANTANA PARQUE SHOPPING', 'TIVOLI SHOPPING CENTER', 'SÃO BERNARDO PLAZA SHOPPING', 'VIA PARQUE SHOPPING', 'SHOPPING CENTER PENHA', 'SHOPPING FRANCA', 'SOPPING CAPIM DOURADO', 'BOULEVARD SHOPPING BAURU']"
HGCR11,[]
HGFF11,[]
HGIC11,[]
HGLG11,"['GERDAU RIO DE JANEIRO', 'BETIM', 'GR LOUVEIRA', 'BRASCABOS RIO CLARO', 'ITUPEVA G100', 'CONDOMÍNIO SJC', 'CREMER BLUMENAU', 'TECH TOWN', 'GALPÃO CONE G06', 'TETRA PAK MONTE MOR', 'GALPÕES EXTREMA', 'VOLKSWAGEN VINHEDO', 'HGLG SÃO CARLOS', 'HGLG DUQUE DE CAXIAS', 'BTEIM BTS - MELI', 'ITUPEVA G200', 'HGLG RIBEIRÃO', 'PARQUE TORINO', 'CLE', 'DCB', 'DCC', 'DCR', 'HGLG ITAPEVI', 'MASTER LABS', 'SYSLOG', 'GALPÃO CONE G03']"
HGPO11,"['EDIFÍCIO METROPOLITAN', 'EDIFÍCIO PLATINUM']"
HGRE11,"['BB ANTÔNIO DAS CHAGAS', 'ED. JATOBÁ CBOP', 'ED. BERRINI ONE', 'ED. PAULISTA STAR', 'CENTRO EMPRESARIAL CIDADE NOVA - TELEPORTO', 'ED. ROBERTO SAMPAIO FERREIRA', 'CENTRO EMPRESARIAL DE SÃO PAULO', 'EMPRESARIAL TRANSATLÂNTICO', 'GVT CURITIBA', 'CENTRO EMPRESARIAL GUAÍBA', 'SERCOM TABOÃO', 'ED. BRASILINTERPART', 'TORRE MARTINIANO', 'ED. CHUCRI ZAIDAN', 'CENTRO EMPRESARIAL SÊNECA']"
HGRS11,"['EDIFÍCIO FARIA LIMA', 'JML 747']"
HGRU11,"[""SAM'S CLUB BARIGUI"", 'ANGÉLICA - SÃO JUDAS', 'UNIVERSIDADE ESTÁCIO DE SÁ', 'IBMEC BARRA', ""SAM'S CLUB SÃO JOSÉ DOS CAMPOS"", 'BIG SÃO BERNARDO', 'SANTO ALBERTO', 'PERNAMBUCANAS BANDEIRANTES', 'ATACADÃO SÃO CARLOS', 'PERNAMBUCANAS TELÊMACO BORBA', 'PERNAMBUCANAS IBIPORÃ', 'PERNAMBUCANAS CARAPICUÍBA', 'MINEIRÃO JOÃO PESSOA', 'PERNAMBUCANAS ITAPECERICA DA SERRA', 'MINEIRÃO UBERLÂNDIA', 'PERNAMBUCANAS MARECHAL CANDIDO RONDON', 'PERNAMBUCANAS ITUVERAVA', 'PERNAMBUCANAS PALMAS', 'MINEIRÃO CONTAGEM', 'PERNAMBUCANAS PINDAMONHANGABA', 'PERNAMBUCANAS MARILIA', 'PERNAMBUCANAS TATUI', 'PERNAMBUCANAS ITAPIRA', 'PERNAMBUCANAS PASSOS', ""SAM'S CLUB GRANJA VIANA"", 'PERNAMBUCANAS MIRANDÓPOLIS', 'MINEIRÃO JUIZ DE FORA', 'PERNAMBUCANAS POÇOS DE CALDAS', 'PERNAMBUCANAS MAUÁ', 'PERNAMBUCANAS CAMPO LARGO', 'PERNAMBUCANAS ARAGUARI', 'PERNAMBUCANAS BARRETOS', ""SAM'S CLUB ATUBA"", 'PERNAMBUCANAS AMPARO', 'PERNAMBUCANAS ADAMANTINA', 'PERNAMBUCANAS BELO HORIZONTE', 'MINEIRÃO UBERABA', 'PERNAMBUCANAS CRUZEIRO', 'PERNAMBUCANAS PEREIRA BARRETO', 'PERNAMBUCANAS PRESIDENTE EPITÁCIO', 'PERNAMBUCANAS ITAPEVA', 'PERNAMBUCANAS RIBEIRÃO PRETO', 'PERNAMBUCANAS APIAÍ', 'PERNAMBUCANAS MACHADO', 'PERNAMBUCANAS CAPÃO BONITO', 'PERNAMBUCANAS GUAÍRA', 'PERNAMBUCANAS ITU', 'PERNAMBUCANAS JUNDIAI', 'PERNAMBUCANAS ITAPETININGA', 'PERNAMBUCANAS TAQUARITUBA', 'BIG INDIANÓPOLIS', 'PERNAMBUCANAS DRACENA', 'PERNAMBUCANAS LINS', 'PERNAMBUCANAS OLÍMPIA', 'PERNAMBUCANAS SÃO JOSÉ DO RIO PARDO', 'PERNAMBUCANAS ITARARÉ', 'PERNAMBUCANAS BARRA BONITA', 'PERNAMBUCANAS ITANHAÉM', 'EDIFÍCIO SANTO ALBERTO', 'CRUZEIRO DO SUL', 'DUTRA 107', 'ATACADÃO INDIANÓPOLIS', 'ATACADÃO VILA GUILHERME', ""SAM'S CLUB TATUAPÉ"", 'ATACADÃO SÃO BERNARDO', 'ATACADÃO CAMBÉ', 'SENDAS FOZ DO IGUAÇU', 'PERNAMBUCANAS PIRAJÚ']"
HILG11,[]
HLOG11,"['GALPÃO VILA PRUDENTE', 'CONDOMÍNIO VIRACOPOS', 'CITLOG SUL DE MINAS', 'PARQUE ANHANGUERA']"
HOFC11,"['EDIFÍCIO CORPORATE ALAMEDAS', 'EDIFÍCIO RACHID SALIBA', 'EDIFÍCIO BIRMANN 20', 'EDIFÍCIO MORUMBI']"
HOSI11,"['HOUSI JAÚ', 'HOUSI URUSSUÍ']"
HPDP11,['SHOPPING PARQUE DOM PEDRO']
HRDF11,['TERRENO ITAIM PAULISTA']
HREC11,[]
HRES11,[]
HSAF11,[]
HSLG11,"['GALPÃO ARUJÁ', 'GALPÃO ITAPEVI', 'GALPÃO MANAUS', 'GALPÃO CONTAGEM', 'GALPÃO SÃO JOSÉ DOS PINHAIS']"
HSML11,"['SHOPPING GRANJA VIANNA', 'SHOPPING PÁTIO MACEIÓ', 'SUPERSHOPPING OSASCO', 'SHOPPING METRÔ TUCURUVI', 'VIA VERDE SHOPPING', 'SHOPPING PARALELA', 'SHOPPING UBERABA']"
HSRE11,"['GARAGEM - COPACABANA', 'LOJA - SHOPPING ABC', 'LOJA - SHOPPING BARRA SALVADOR', 'LOJA - CENTRO BH', 'LOJA - SHOPPING CENTER PIEDADE', 'LOJA - CENTRO CAMPINAS', 'LOJA - SHOPPING CURITIBA', 'LOJA - CENTRO E CALL CENTER', 'LOJA - SHOPPING GOIÂNIA', 'LOJA - CENTRO SÃO LUIS', 'LOJA - SHOPPING IGUATEMI', 'LOJA - CENTRO SP', 'LOJA - SHOPPING IGUATEMI MACEIÓ', 'LOJA - COPACABANA', 'LOJA - SHOPPING IGUATEMI RJ', 'LOJA - COPACABANA', 'LOJA - SHOPPING MACEIÓ', 'LOJA - DEL REY BH', 'LOJA - SHOPPING MINAS', 'LOJA - DUQUE DE CAXIAS', 'LOJA - SHOPPING NITERÓI', 'LOJA - NORTE SHOPPING', 'LOJA - SHOPPING PÁTIO BELÉM', 'LOJA - NOVA IGUAÇU', 'LOJA - SHOPPING PÁTIO BRASIL', 'LOJA - OUVIDOR', 'LOJA - TIJUCA', 'LOJA - RECIFE', 'LOJA - VITÓRIA']"
HTMX11,"['BLUE TREE FARIA LIMA', 'FARIA LIMA IBIS STYLES', 'INTERCITY NAÇÕES UNIDAS', 'COMFORT NOVA PAULISTA', 'INTERCITY PREMIUM BERRINI', 'ESTANPLAZA BERRINI', 'INTERCITY PREMIUM IBIRAPUERA', 'FUNCHAL ESTANPLAZA', 'EUROPA MELIÁ JARDIM', 'IBIRAPUERA ESTANPLAZA', 'PRIME NOBILE PAULISTA', 'INTERNATIONAL ESTANPLAZA', 'STAYBRIDGE SUITES', 'ESTANPLAZA NAÇÕES UNIDAS', 'TRYP BERRINI', 'GRAN ESTANPLAZA', 'IGUATEMI TRYP', 'HOTEL IBIS BUDGET JARDINS', 'HOTEL IBIS BUDGET PAULISTA', 'PAULISTA TRYP', 'HOTEL IBIS SÃO PAULO PAULISTA', 'WYNDHAM BERRINI']"
HUCG11,['HOSPITAL UNIMED CAMPINA GRANDE']
HUSC11,['HOSPITAL UNIMED SUL CAPIXABA']
HUSI11,[]
IAAG11,[]
IAGR11,[]
IBCR11,[]
IBFF11,[]
ICNE11,[]
ICRI11,[]
IDFI11,[]
IDGR11,[]
IDUA11,[]
IFRA11,[]
IFRI11,[]
IMOV11,[]
IRDM11,[]
IRIM11,[]
ISCJ11,[]
ITIP11,[]
ITIT11,[]
ITRI11,[]
JASC11,"['SARGENTO HERMINIO', 'EUSÉBIO', 'MARAPONGA', 'LOGO JACAREY', 'DROGASIL BEZERRA DE MENEZES', 'DROGASIL BERNARDO MANUEL', 'FRANCISCO SÁ', 'SARGENTO HERMINIO 2', 'MARAPONGA 2', 'PÃO DE AÇÚCAR SÃO JOÃO', 'TREZE DE MAIO', 'LAGOA', 'DROGASIL SANTOS DUMONT', 'WASHINGTON SOARES', 'CAXANGÁ', 'PAULISTA']"
JBFO11,[]
JCCJ11,[]
JCIN11,[]
JFLL11,"['VHOUSE FARIA LIMA', 'VO699']"
JGPX11,[]
JPPA11,[]
JRDM11,['SHOPPING JARDIM SUL']
JSAF11,[]
JSCR11,[]
JSRE11,"['ED. PAULISTA', 'TOWER BRIDGE CORPORATE', 'WTNU III', 'ED. PRAIA DE BOTAFOGO', 'TORRES MARBLE E EBONY - COMPLEXO ROCHAVERÁ']"
JURO11,[]
KCRE11,[]
KDIF11,[]
KEVE11,[]
KFOF11,[]
KINP11,[]
KISU11,[]
KIVO11,[]
KNCA11,[]
KNCR11,[]
KNHF11,"['SÃO LUIZ (TORRES I, II E III)', 'HL FARIA LIMA']"
KNHY11,[]
KNIP11,[]
KNOX11,[]
KNPR11,[]
KNRE11,[]
KNRI11,"['ATHENAS', 'SANTA CRUZ CENTRO DE DISTRIBUIÇÃO', 'CORPORATE TOWER EDFÍCIO BOULEVARD', 'BELA PAULISTA', 'DIOGO MOREIRA EDIFÍCIO', 'TRADE CENTER BOTAFOGO', 'EDIFÍCIO CORPORATE LAGOA', 'CORPORATE BUENOS AIRES', 'MADISON EDIFÍCIO', 'CD CABREÚVA', 'SÃO LUIZ EDIFÍCIO', 'BIOSQUARE', 'JUNDIAÍ GLOBAL', 'CENTRO DE DISTRIBUIÇÃO ITAQUA', 'FLORIANO JOAQUIM', 'CENTRO DE DISTRIBUIÇÃO MOGI DAS CRUZES', 'PARK INDUSTRIAL JUNDIAÍ', 'CENTRO DE DISTRIBUIÇÃO POUSO ALEGRE', 'SUMARÉ PIB', 'EDIFÍCIO ROCHAVERÁ']"
KNSC11,[]
KNUQ11,[]
KOPA11,[]
KORE11,"['CENTRO EMPRESARIAL BOTAFOGO', 'ALAMEDA SANTOS', 'MORUMBI OFFICE TOWER', 'CORPORATE PLAZA']"
LASC11,"['SHOPPING BOULEVARD CAMPOS', 'PARQUE SHOPPING BELÉM']"
LAVF11,[]
LFTT11,"['APARTAMENTO RESIDENCIAL', 'APARTAMENTO RESIDENCIAL', 'APARTAMENTO RESIDENCIAL', 'APARTAMENTO RESIDENCIAL', 'APARTAMENTO RESIDENCIAL', 'APARTAMENTO RESIDENCIAL', 'APARTAMENTO RESIDENCIAL', 'APARTAMENTO RESIDENCIAL', 'APARTAMENTO RESIDENCIAL', 'APARTAMENTO RESIDENCIAL', 'APARTAMENTO RESIDENCIAL', 'APARTAMENTO RESIDENCIAL', 'APARTAMENTO RESIDENCIAL', 'APARTAMENTO RESIDENCIAL', 'APARTAMENTO RESIDENCIAL', 'APARTAMENTO RESIDENCIAL', 'APARTAMENTO RESIDENCIAL', 'APARTAMENTO RESIDENCIAL', 'APARTAMENTO RESIDENCIAL', 'APARTAMENTO RESIDENCIAL', 'APARTAMENTO RESIDENCIAL', 'APARTAMENTO RESIDENCIAL', 'APARTAMENTO RESIDENCIAL', 'APARTAMENTO RESIDENCIAL', 'APARTAMENTO RESIDENCIAL', 'APARTAMENTO RESIDENCIAL', 'APARTAMENTO RESIDENCIAL', 'APARTAMENTO RESIDENCIAL', 'APARTAMENTO RESIDENCIAL', 'APARTAMENTO RESIDENCIAL', 'APARTAMENTO RESIDENCIAL', 'APARTAMENTO RESIDENCIAL', 'APARTAMENTO RESIDENCIAL', 'APARTAMENTO RESIDENCIAL', 'APARTAMENTO RESIDENCIAL', 'APARTAMENTO RESIDENCIAL', 'APARTAMENTO RESIDENCIAL', 'APARTAMENTO RESIDENCIAL', 'APARTAMENTO RESIDENCIAL', 'APARTAMENTO RESIDENCIAL', 'APARTAMENTO RESIDENCIAL', 'APARTAMENTO RESIDENCIAL', 'APARTAMENTO RESIDENCIAL', 'APARTAMENTO RESIDENCIAL', 'APARTAMENTO RESIDENCIAL', 'APARTAMENTO RESIDENCIAL', 'APARTAMENTO RESIDENCIAL', 'APARTAMENTO RESIDENCIAL', 'APARTAMENTO RESIDENCIAL', 'APARTAMENTO RESIDENCIAL', 'APARTAMENTO RESIDENCIAL', 'APARTAMENTO RESIDENCIAL', 'APARTAMENTO RESIDENCIAL', 'APARTAMENTO RESIDENCIAL', 'APARTAMENTO RESIDENCIAL', 'APARTAMENTO RESIDENCIAL', 'APARTAMENTO RESIDENCIAL', 'APARTAMENTO RESIDENCIAL', 'APARTAMENTO RESIDENCIAL', 'APARTAMENTO RESIDENCIAL', 'APARTAMENTO RESIDENCIAL', 'APARTAMENTO RESIDENCIAL', 'APARTAMENTO RESIDENCIAL', 'APARTAMENTO RESIDENCIAL', 'APARTAMENTO RESIDENCIAL', 'APARTAMENTO RESIDENCIAL', 'APARTAMENTO RESIDENCIAL', 'APARTAMENTO RESIDENCIAL', 'APARTAMENTO RESIDENCIAL', 'APARTAMENTO RESIDENCIAL']"
LGCP11,"['GALPÃO LOGÍSTICO LOG GOIÂNIA', 'GALPÃO INDUSTRIAL LOG VIANA', 'GAIOLLI', 'LOG CONTAGEM I', 'RIO CAMPO GRANDE']"
LIFE11,[]
LLAO11,"['CASA RIVIERA', 'AVENIDA REBOUÇAS']"
LOFT11B,[]
LPLP11,[]
LSAG11,[]
LSPA11,[]
LUGG11,"['RESIDENCIAL LUGGO ECOVILLE', 'RESIDENCIAL LUGGO CENARIUM', 'RESIDENCIAL LUGGO LINDÓIA', 'RESIDENCIAL LUGGO CIPRESTE', 'LUGGO INTER RESIDENCE']"
LVBI11,"['ATIVO PIRITUBA', 'ATIVO ARAUCÁRIA', 'GALPÃO - EXTREMA', 'ATIVO ITAPEVI', 'ATIVO MAUÁ', 'ATIVO BETIM', 'ATIVO JANDIRA', 'ATIVO ARATU', 'ATIVO CAJAMAR', 'ATIVO SBC']"
MALL11,"['SHOPPING PARK SUL', 'BOULEVARD SHOPPING FEIRA', 'SHOPPING TABOÃO', 'MACEIO SHOPPING', 'SHOPPING TACARUNA', 'SHOPPING PARK LAGOS', 'SUZANO SHOPPING', 'MADUREIRA SHOPPING', 'CAMPINAS SHOPPING', 'BOULEVARD SHOPPING BAURU', 'SHOPPING METROPOLITANO BARRA', 'RIO2 SHOPPING', 'PENINSULA OPEN MALL', 'CAXIAS SHOPPING']"
MANA11,[]
MATV11,[]
MAXR11,"['LOJA DE BELÉM', 'LOJA DE NILÓPOLIS', 'LOJA DE BRASÍLIA', 'LOJA DE TAGUATINGA', 'LOJA DE JOÃO PESSOA', 'LOJA DE VITÓRIA', 'LOJA DE MACEIÓ', 'LOJA MANAUS', 'CURSINHO TAGUATINGA']"
MBRF11,"['EDIFÍCIO BANCO MERCANTIL - RIO BRANCO', 'EDIFÍCIO SEDE']"
MCCI11,[]
MCHF11,[]
MCHY11,[]
MFAI11,[]
MFII11,"['MAXHAUS', 'DAHMA FIT I', 'DONA AMÉLIA', 'TERRAS DA ESTÂNCIA', 'GOLDEN BOITUVA', 'LUAR DO ARRAIAL', 'AVENIDA CORIFEU', 'VILAS DO RIO', 'LUAR DE RIO LARGO', 'LUAR DO PARQUE', 'BARENA', 'LAURO DE FREITAS', 'RESERVA DA ILHA', 'LUAR DAS OLIVEIRAS', 'JARDINS DE TARSILA', 'PAES DE BARROS', 'JABAQUARA', 'DESCAMPADO', 'ADELIA CHOFI', 'PONTA GROSSA', 'LUSSANVIRA', 'HERMANO DA SILVA', 'RESIDENCIAL CAMPO VERDE', 'DAHMA FIT II']"
MGCR11,[]
MGFF11,[]
MGHT11,['HOTEL VILA MADALENA']
MGLG11,"['ITAMBÉ SÃO PAULO', 'SUPERMARKET PAVUNA', 'VOLKSWAGEM RESENDE']"
MGRI11,[]
MINT11,"['COLÉGIO POP', 'CENTRO UNIVERSITÁRIO UNA', 'ESCOLA PARQUE']"
MMPD11,[]
MORC11,[]
MORE11,[]
MXRF11,"['ABSOLUTO MARIA MONTEIRO', 'EDIFÍCIO ST. LOUIS', 'EDIFÍCIO CENTRO EXECUTIVO DO PAÇO']"
NAVT11,[]
NCHB11,[]
NCRA11,[]
NCRI11,[]
NEWL11,"['NEWPORT LOG GOIÂNIA', 'BRINOX CAXIAS DO SUL', 'NEWPORT LOG SOROCABA']"
NEWU11,"['EDIFÍCIO SUÁREZ TRADE', 'EDIFÍCIO EMPRESARIAL CENTER I', 'EDIFÍCIO EMPRESARIAL CENTER II']"
NEXG11,[]
NSLU11,['HOSPITAL NOSSA SENHORA DE LOURDES']
NUIF11,[]
NVHO11,['HOSPITAL SÃO LUIZ']
NVIF11B,[]
OBAL11,[]
OCRE11,[]
OGHY11,[]
OGIN11,[]
OIAG11,[]
ONEF11,['EDIFÍCIO THE ONE']
OPTM11,[]
ORPD11,[]
OUFF11,[]
OUJP11,[]
OULG11,"['GALPÃO BRASKEM', 'IMÓVEL JUIZ DE FORA']"
OURE11,"['CONDOMÍNIO BANDEIRA PAULICEIA', 'CONDOMÍNIO MASSIMO PARQUE DA MOOCA', 'ALPHA HOUSES I', 'EDIFÍCIO GIBRAN', 'LOJA IPANEMA', 'IMÓVEIS BARRA DA TIJUCA']"
PABY11,[]
PATA11,[]
PATB11,[]
PATC11,"['EDIFÍCIO SKY CORPORATE', 'EDIFÍCIO CENTRAL VILA OLÍMPIA', 'CETENCO PLAZA', 'EDIFÍCIO ROBERTO MARINHO SQUARE']"
PATL11,"['COMPLEXO LOGÍSTICO ITATIAIA', 'GALPÃO RIBEIRÃO DAS NEVES', 'GALPÃO SOLÍSTICA', 'GALPÃO POSTALL']"
PCAS11,[]
PEMA11,[]
PFIN11,[]
PICE11,[]
PLCA11,[]
PLCR11,[]
PLOG11,['PARQUE LOGÍSTICO PERNAMBUCO']
PLRI11,[]
PMFO11,[]
PMIS11,[]
PNCR11,[]
PNDL11,"['URDI BARUERI', 'URDI CASTELLO BRANCO']"
PNPR11,"['BRIGADEIRO 3595', 'GALPÃO GUARULHOS', 'GALPÃO JANDIRA']"
PNRC11,[]
PORD11,[]
PPEI11,[]
PQAG11,['NASP NATURA']
PQDP11,['SHOPPING PARQUE DOM PEDRO']
PRSV11,['EDIFÍCIO TORRE BOA VISTA']
PRTS11,"['SHOPPING GERMÂNIA', 'SHOPPING BENTO GONÇALVES']"
PULV11,[]
PVBI11,"['FL 4440', 'VILA OLIMPIA CORPORATE', 'PARK TOWER', 'UNION FARIA LIMA', 'THE ONE', 'VERA CRUZ II', 'CIDADE JARDIM']"
QAGR11,"['MEDIANEIRA', 'ASSAÍ', 'NOVA PONTE', 'BELA VISTA DO PARAÍSO', 'PARANAGUÁ', 'CAMBÉ', 'PATO BRANCO', 'CAMPO ERÊ', 'SABÁUDIA', 'FRANCISCO BELTRÃO', 'UBERLÂNDIA', 'JATAÍ']"
QAMI11,[]
QIRI11,[]
RBCO11,"['EDIFÍCIO BIRMANN 20', 'EDIFÍCIO ALAMEDAS', 'EDIFÍCIO RACHID SALIBA', 'EDIFÍCIO MORUMBI']"
RBDS11,[]
RBED11,"['CAMPUS PITÁGORAS', 'CAMPUS PITÁGORAS TIMBIRAS BELO HORIZONTE', 'CAMPUS PITÁGORAS BETIM', 'CAMPUS UNIC', 'CAMPUS SANTO ANDRÉ', 'CAMPUS CONSOLAÇÃO', 'ANHANGUERA SÃO BERNARDO DO CAMPO']"
RBFF11,[]
RBGS11,['SHOPPING SULACAP']
RBHG11,[]
RBHY11,[]
RBIF11,[]
RBIR11,[]
RBLG11,"['ATIVO YAZAKI', 'SORTEQ PARAUAPEBAS']"
RBOP11,"['EDIFÍCIO VICENTE DE ARAÚJO', 'LOJA - EDIFÍCIO MANHATTHAN TOWER']"
RBRD11,"['LOJA LEADER', 'CERVEJARIA AMBEV', 'LOJA LEADER', 'AMPLA']"
RBRF11,"['NUN VILA NOVA', 'NYC BERRINI', 'PARQUE JOCKEY']"
RBRI11,[]
RBRL11,"['GALPÃO HORTOLÂNDIA I', 'WT RBR LOG', 'GALPÃO HORTOLÂNDIA II', 'GALPÃO EXTREMA I', 'GALPÃO EXTREMA II']"
RBRM11,[]
RBRP11,"['EDIFÍCIO RIVER ONE', 'EDIFÍCIO DELTA PLAZA', 'CE MÁRIO GARNERO - TORRE SUL', 'EDIFÍCIO CELEBRATION', 'EDIFÍCIO VENEZUELA 43', 'EDIFÍCIO CASTELLO BRANCO']"
RBRR11,[]
RBRS11,"['URBIC VILA MARIANA', 'URBIC SABIA', 'CYRELA FOR YOU']"
RBRX11,[]
RBRY11,[]
RBTS11,"['OXY ALTO DA LAPA', 'DOMUM PERDIZES', 'VERITAS', 'L KLABIN', 'V.A. 433', 'PEDROSO 737', 'HANDY PARAÍSO']"
RBVA11,"['AG 14 BIS', 'AG SÃO GONÇALO', 'AG SENADOR QUEIROS', 'AG AV CHILE', 'AG AV. PRES. WILSON', 'AG VIA ANCHIETA', 'AG BANDEIRA', 'AG VILA MASCOTE', 'AG BARRA FUNDA', 'COCO BAMBU', 'SANTANDER - AVENIDA PAULISTA', 'SANTANDER - BARÃO DE JUNDIAÍ', 'AG CIPÓ GUAÇU', 'SANTANDER - BELO HORIZONTE', 'AG ESTRADA RIO DO A', 'SANTANDER - BERRINI', 'AG GUAIANASES', 'AG GUARAPIRANGA', 'SANTANDER - CANDELÁRIA', 'SANTANDER - DUQUE DE CAXIAS', 'AG IPANEMA', 'SANTANDER - LIBERDADE', 'SANTANDER - MARECHAL DEODORO', 'AG JARDIM DA SAÚDE', 'SANTANDER - MONÇÕES', 'SANTANDER - MONSENHOR CELSO', 'AG LEME', 'SANTANDER - NOVA PAULISTA', 'AG MEIER', 'AG NOVA IGUACU', 'SANTANDER - OUVIDOR', 'AG OSASCO', 'SANTANDER - PEDRO I', 'AG PAES LEME', 'SANTANDER - PORTO ALEGRE', 'SANTANDER - PRAÇA PIO X', 'AG PEDRO VICENTE', 'SANTANDER - RECIFE', 'AG PIRITUBA', 'AG PLANALTO PAULISTA', 'SANTANDER - SANTO ANDRÉ', 'AG PQ. MARIA HELENA', 'SANTANDER - SANTOS', 'SANTANDER - SÃO GONÇALO - ALCÂNTARA', 'AG R. DOS ITALIANOS', 'SANTANDER - SÃO GONÇALO - CENTRO', 'AG REC BANDEIRANTES', 'SANTANDER - SÃO MATEUS', 'SANTANDER - VOLTA REDONDA', 'AG SANTA CECILIA', 'CAIXA ECONÔMICA SÃO MATEUS', 'SANTANDER - FORTALEZA - CENTRO', 'CENTAURO', 'CAIXA ECONÔMICA TAIPAS', 'GPA PINHEIROS', 'GPA BRASÍLIA', 'AG IMPERADOR', 'ED. OLIVETTI', 'GPA SÃO PAULO', 'GPA TATUAPÉ', 'RENNER OSCAR FREIRE', 'ASSAÍ GUARULHOS', 'GPA SÃO BERNARDO DO CAMPO', 'ASSAÍ SÃO JOSÉ DOS CAMPOS', 'GPA CAMPINAS', 'GPA GUARUJÁ', 'ITAÚ LEBLON', 'AG PÁTEO DO COLÉGIO', 'IMÓVEL CENTRO', 'AG NILO PEÇANHA', 'GPA RECIFE', 'PORTOBELLO JARDINS']"
RBVO11,[]
RCFF11,[]
RCRB11,"['CONDOMÍNIO JATOBÁ', 'CANDELÁRIA CORPORATE', 'JK FINANCIAL CENTER', 'PARQUE CULTURAL PAULISTA', 'CONDOMÍNIO CONTINENTAL SQUARE FARIA LIMA', 'GIRASOL 555', 'PARQUE SANTOS', 'EDIFÍCIO INTERNACIONAL RIO', 'BRAVO! PAULISTA']"
RDPD11,[]
RECR11,[]
RECT11,"['EDIFÍCIO EVOLUTION CORPORATE', 'EDIFÍCIO AGAXTUR', 'EDIFÍCIO PARQUE ANA COSTA', 'EDIFÍCIO CANOPUS', 'EDIFÍCIO PARQUE DA CIDADE', 'EDIFÍCIO COMPLEXO MADEIRA', 'IMÓVEL BARRA DA TIJUCA', 'EDIFÍCIO CORPORATE EMILIANO', 'CIDADE MATARAZZO']"
RECX11,[]
REIT11,[]
RELG11,"['FORMA BENS EXTREMA', 'NEW SPACE - COTIA', 'LOG CAMAÇARI', 'REC LOG QUEIMADOS', 'REC LOG CONTAGEM']"
RFOF11,[]
RIFF11,[]
RINV11,[]
RMAI11,"['DOMO CORPORATE', 'GALPÃO INDUSTRIAL', 'ATLÂNTICA MALL']"
RNDP11,[]
RNGO11,"['EDIFÍCIO PADAUIRI', 'EDIFÍCIO DEMINI']"
ROOF11,[]
RPRI11,[]
RRCI11,[]
RSPD11,[]
RURA11,[]
RVBI11,[]
RZAG11,[]
RZAK11,[]
RZAT11,"['POLI-GYN', 'IMÓVEL MIRASSOL', 'IMÓVEL ANDORINHA', 'GALPÃO VOAR', 'IMÓVEL ANDORINHA', 'IMÓVEL CORUMBATAÍ', 'COMFRIO', 'CERVEJARIA CIDADE IMPERIAL', 'SPLICE INDÚSTRIA', 'ATACADÃO DIA A DIA']"
RZEO11,[]
RZTR11,"['FAZENDA PORANGA II', 'FAZENDA SÃO TOMAZ', 'FAZENDAS BACURI E BURITI', 'FAZENDAS ÁGUA FUNDA E SÃO FRANCISCO', 'FAZENDAS MORANGAS, BONITO E PONTE DAS PEDRAS', 'FAZENDA SANTA CLARA', 'FAZENDAS SÃO MARTINHO: X-1, X-2, VII-1, VII-4', 'FAZENDA SANTO ANTÔNIO DO OURO', 'FAZENDAS SÃO JOSÉ, SORRISO, VALE DO RIO CELESTE, MATTOS E RANCHO ALEGRE', 'FAZENDA RIO BONITO', 'FAZENDA NOSSA SENHORA DA APARECIDA', 'FAZENDA PARANATINGA 1', 'FAZENDA CRISTALINA', 'FAZENDA CLARÃO DA LUA', 'FAZENDA BOM JARDIM', 'FAZENDA FLÓRIDA', 'FAZENDA BACURI', 'FAZENDA CHAPADÃO DA SERRA', 'FAZENDA TREVISAN', 'FAZENDA NORICUM']"
SADI11,[]
SAPI11,[]
SARE11,"['GALPÃO LOGÍSTICO BARUERI', 'CONDOMÍNIO WORK BELA CINTRA', 'CONDOMÍNIO WT MORUMBI', 'SANTO ANDRÉ']"
SCPF11,['SHOPPING CENTER PIEDADE']
SDIL11,"['INTERNATIONAL BUSINESS PARK', 'MULTI MODAL DUQUE DE CAXIAS', 'ONE PARK', 'CENTRO LOGÍSTICO CONTAGEM', 'GALPÃO GUARULHOS']"
SEED11,[]
SEQR11,"['MADUREIRA', 'MAGNA SAP', 'JANDIRA', 'LOJA HABITARTE VERDE', 'PENHA']"
SHOP11,['GRAVATAI SHOPPING CENTER']
SHPH11,['SHOPPING CENTER PÁTIO HIGIENÓPOLIS']
SHSO11,[]
SIGR11,[]
SJAU11,[]
SMRE11,[]
SNAG11,[]
SNCI11,[]
SNEL11,[]
SNFF11,[]
SNID11,[]
SNLG11,"['SUPERMARKET', 'CERATTI', 'MAGNA', 'AMBEV SANTA LUZIA', 'VW MAN', 'PIRITUBA']"
SNME11,[]
SOLR11,[]
SPDE11,[]
SPMO11,[]
SPTW11,['IMÓVEL BADARÓ']
SPVJ11,[]
SPXS11,[]
SRVD11,[]
STRX11,"['POWER SHOPPING CENTERMINAS', 'GLOBAL TOWER']"
TCPF11,"['IBITIRAMA', 'MARACATINS']"
TEPP11,"['CONDOMÍNIO FARIA LIMA', 'EDIFÍCIO PASSARELLI', 'EDIFÍCIO TORRE SUL', 'EDIFÍCIO FUJITSU', 'EDIFÍCIO GPA']"
TGAR11,[]
TJKB11,"['MORUMBI', 'BORBA GATO', 'MARSELHESA', 'ANA ROSA', 'AVENIDA BRASIL', 'TATUAPÉ']"
TMPS11,[]
TORD11,[]
TRBL11,"['CENTRO LOGÍSTICO DE CONTAGEM', 'ONE PARK', 'GALPÃO GUARULHOS', 'GRU LOG', 'AMBEV FEIRA DE SANTANA']"
TRNT11,['TORRE NORTE']
TRXB11,"['ASSAÍ CAMPINA GRANDE', 'EXTRA – RIO DAS OSTRAS', 'EXTRA – ARARUAMA', 'ASSAÍ DOURADOS', 'EXTRA – TERESINA', 'ASSAÍ BAURU', 'ASSAÍ PARQUE AMAZÔNIA', 'ASSAÍ JARDIM EUROPA', 'ASSAÍ PAULO AFONSO', 'ASSAÍ ST CENTRAL', 'ASSAÍ JEQUIÉ']"
TRXF11,"['EXTRA – PRAIA GRANDE', 'LOJA EXTRA – RECIFE', 'EXTRA – RIO DAS OSTRAS', 'LOJA ASSAÍ – TERESINA', 'LOJA ASSAÍ – BAURU', 'LOJA ASSAÍ – CAMPINA GRANDE', 'LOJA PÃO DE AÇÚCAR – ARACAJÚ', 'LOJA ASSAÍ – CAMPINAS', 'LOJA PÃO DE AÇÚCAR – BRASÍLIA', 'LOJA ASSAÍ – DOURADOS', 'LOJA PÃO DE AÇÚCAR – GOIÂNIA', 'LOJA ASSAÍ – GOIÂNIA (1)', 'LOJA ASSAÍ – GOIÂNIA (2)', 'LOJA PÃO DE AÇÚCAR – GOIÂNIA', 'LOJA PÃO DE AÇÚCAR – RIBEIRÃO PRETO', 'LOJA ASSAÍ – GOIÂNIA (3)', 'LOJA PÃO DE AÇÚCAR – SANTO ANDRÉ', 'LOJA ASSAÍ – JEQUIÉ', 'LOJA PÃO DE AÇÚCAR – SÃO CAETANO DO SUL', 'LOJA PÃO DE AÇÚCAR – SÃO JOSÉ DO RIO PRETO', 'LOJA ASSAÍ – PAULO AFONSO', 'LOJA PÃO DE AÇÚCAR – SÃO JOSÉ DO RIO PRETO', 'LOJA ASSAÍ – PIRACICABA', 'LOJA PÃO DE AÇÚCAR – SÃO PAULO', 'LOJA ASSAÍ – SANTO ANDRÉ', 'LOJA EXTRA – ARARUAMA', 'LOJA PÃO DE AÇÚCAR - SANTANA DE PARNAÍBA', 'LOJA PÃO DE AÇÚCAR - SÃO PAULO', 'EXTRA - PERUIBE', 'LOJA PÃO DE AÇÚCAR - SÃO PAULO', 'LOJA PÃO DE AÇÚCAR - SÃO PAULO', 'LOJA PÃO DE AÇÚCAR - VALINHOS', 'EXTRA - SÃO BERNARDO DO CAMPO', 'LOJA PÃO DE AÇÚCAR – RIBEIRÃO PRETO', 'LOJA PÃO DE AÇÚCAR – CAMPINAS', 'LOJA CARREFOUR – JABOATÃO DOS GUARARAPES', 'LOJA ASSAÍ – ARAÇATUBA', 'LOJA ASSAÍ – PORTO VELHO', 'LOJA ASSAÍ – AV. BRASIL', 'LOJA ASSAÍ – MACAÉ', 'LOJA ASSAÍ – IPATINGA', 'LOJA OBRAMAX – PIRACICABA', 'LOJA GRUPO MATEUS – JUAZEIRO', 'LEROY MERLIN – SALVADOR', 'LOJA GRUPO MATEUS – PETROLINA', 'LOJA OBRAMAX – SUZANO', 'LOJA GRUPO MATEUS – BELÉM', 'LEROY MERLIN – JUNDIAÍ', 'LOJA GRUPO MATEUS – GUARABIRA', 'LOJA GRUPO MATEUS – PATOS', 'LOJA GRUPO MATEUS – ARACAJU', 'LOJA GRUPO MATEUS – CARUARU', 'LOJA GRUPO MATEUS – CARUARU', 'LOJA ASSAÍ – PAULÍNIA', 'LOJA CARREFOUR – JABAQUARA', 'HOSPITAL ALBERT EINSTEIN']"
TSER11,['TORRE V - ED. ARAUCARIA']
TVRI11,"['CSL SÃO PAULO', 'EDIFÍCIO CACEX', 'AGÊNCIA SANTO AMARO PAULISTA', 'AGÊNCIA MOEMA', 'AGÊNCIA NOSSA SENHORA LAPA', 'AGÊNCIA CAMPOS ELISEOS', 'AGÊNCIA PINHEIROS', 'AGÊNCIA PARAÍSO', 'AGÊNCIA BAIRRO BOM RETIRO', 'AGÊNCIA PRAÇA DA ÁRVORE', 'AGÊNCIA BROOKLIN PAULISTA', 'AGÊNCIA SANTANA', 'AGÊNCIA ANA ROSA', 'AGÊNCIA VILA CARRAO', 'AGÊNCIA PENHA FRANCA', 'AGÊNCIA FREGUESIA DO Ó', 'AGÊNCIA CASA VERDE', 'AGÊNCIA IPIRANGA', 'AGÊNCIA BONFIM', 'AGÊNCIA CAMPINAS', 'AGÊNCIA CENTRO - SOROCABA', 'AGÊNCIA CATEDRAL - SOROCABA', 'PSO. PIRACICABA', 'AGÊNCIA SÃO JOSÉ DOS CAMPOS', 'AGÊNCIA ARACATUBA', 'AGÊNCIA PRAÇA RUI BARBOSA', 'SÃO CAETANO DO SUL', 'AGÊNCIA SÃO JOSÉ DO RIO PRETO', 'AGÊNCIA RIBEIRÃO PRETO', 'EDIFÍCIO SEDE III', 'AGÊNCIA ASA NORTE 504', 'AGÊNCIA CONJUNTO NACIONAL', 'AGÊNCIA ASA SUL 507', 'AGÊNCIA BELO HORIZONTE', 'CSL BELO HORIZONTE', 'AGÊNCIA TAMOIOS BH', 'AGÊNCIA CARIJOS', 'AGÊNCIA UBERLÂNDIA', 'AGÊNCIA ZONA SUL', 'AGÊNCIA LEBLON', 'AGÊNCIA CINELÂNDIA', 'AGÊNCIA JACAREPAGUÁ', 'AGÊNCIA CAMPOS DOS GOYTACAZES', 'AGÊNCIA NITERÓI', 'AGÊNCIA DUQUE DE CAXIAS', 'CSL CURITIBA', 'AGÊNCIA MARINGÁ', 'AGÊNCIA PONTA GROSSA', 'AGÊNCIA TOLEDO', 'CSL BRASÍLIA', 'AGÊNCIA FLORIANÓPOLIS', 'AGÊNCIA PRAÇA XV NOVEMBRO', 'SUPER VAR. E GOV.', 'AGÊNCIA CAXIAS DO SUL', 'AGÊNCIA PASSO FUNDO', 'AGÊNCIA BELÉM', 'AGÊNCIA MANAUS', 'AGÊNCIA AFONSO PENA', 'AGÊNCIA ALDEOTA', 'AGÊNCIA GENERAL VALADÃO', 'SUPER VAR. E GOV.']"
URHF11,[]
URPR11,[]
VCJR11,[]
VCRA11,[]
VCRI11,[]
VCRR11,"['ATMOSFERA VILA MARIANA', 'HIGHLINE ICONYC', 'CYRELA FOR YOU', 'CYRELA ON THE PARC']"
VGHF11,[]
VGIA11,[]
VGIP11,[]
VGIR11,[]
VGRI11,[]
VIDS11,[]
VIFI11,[]
VIGT11,[]
VILG11,"['INDUSTRIAL CD ELDORADO', 'AIRPORT TOWN', 'CENTRO DE DISTRIBUIÇÃO PRIVALIA', 'BTS CREMER', 'EXTREMA BUSINESS PARK', 'INDUSTRIAL CASTELO 57 BUSINESS PARK', 'FERNÃO DIAS BUSINESS PARK', 'CAXIAS PARK', 'FULWOOD PARQUE LOGÍSTICO OSASCO', 'INDUSTRIAL CD CARIACICA', 'AIRPORT TOWN GUARULHOS III', 'ALIANZA PARK', 'PARQUE LOGÍSTICO PERNAMBUCO', 'INDUSTRIAL CD CACHOEIRINHA', 'PORTO CANOA']"
VINO11,"['CARDEAL CORPORATE', 'BM 336', 'HADDOCK LOBO 347', 'BMA CORPORATE', 'LAB 1404', 'BROOKLIN BUSINESS SQUARE', 'OSCAR FREIRE 585', 'C&A', 'VITA CORÁ', 'SEDE GLOBO']"
VISC11,"['SHOPPING GRANJA VIANNA', 'CENTER SHOPPING RIO', 'SHOPPING IGUATEMI BOSQUE', 'ILHA PLAZA SHOPPING', 'SHOPPING PARALELA', 'MINAS SHOPPING', 'SHOPPING PÁTIO BELÉM', 'PRUDENSHOPPING', 'SHOPPING PRAIA DA COSTA', 'RIBEIRÃOSHOPPING', 'SHOPPING TACARUNA', 'SHOPPING ABC', 'WEST SHOPPING', 'NORTH SHOPPING MARACANAÚ', 'VILLA ROMANA', 'SHOPPING BOULEVARD', 'PANTANAL SHOPPING', 'SHOPPING PORTO VELHO', 'SHOPPING CONJUNTO NACIONAL', 'VIA SUL SHOPPING', 'SHOPPING CRYSTAL', 'SHOPPING ESTAÇÃO', 'NATAL SHOPPING', 'MADUREIRA SHOPPING', 'CAMPINAS SHOPPING', 'SHOPPING PLAZA SUL', 'BANGU SHOPPING', 'SHOPPING VILLAGIO CAXIAS', 'CARIOCA SHOPPING', 'SHOPPING SÃO LUIS']"
VIUR11,"['ANHANGUERA CAMPINAS', 'FACAMP', 'GRANDE CENTER', 'ÂNIMA CANOAS', 'LABORATÓRIO ALTA', 'ÂNIMA PORTO ALEGRE', 'CÂNDIDO BENÍCIO']"
VJFD11,[]
VLIQ11,[]
VLOL11,['VILA OLÍMPIA CORPORATE']
VOTS11,[]
VRTA11,[]
VRTM11,[]
VSEC11,[]
VSHO11,"['SHOPPING VALINHOS', 'SHOPPING HORTOLÂNDIA', 'SHOPPING BAY MARKET']"
VSLH11,[]
VTLT11,['RENAULT QUATRO BARRAS']
VTPL11,['VOTORANTIM PLUS - BLOCO A']
VVCO11,"['ATLÂNTICO OFFICE - MACAÉ', 'MÓDULO REBOUÇAS', 'ITOWER ALPHAVILLE', 'BOX 298']"
VVCR11,[]
VVMR11,"['ONE ELEVEN', 'TRILOGY', 'BARRA PRIVATE', 'NEOLINK OFFICE', 'THE CITTYPLEX']"
VVPR11,"['MILLS', 'AIR LIQUIDE', 'SYMRISE', 'CERVEJARIA AMBEV', 'DENGO', 'CERVEJARIA AMBEV']"
VVRI11,"['PBKIDS AV. REBOUÇAS', 'ESTÁCIO SANTA CRUZ']"
VXXV11,"['C&A SEDE', 'UNIVERSIDADE PETROBRAS']"
WPLZ11,['SHOPPING WEST PLAZA']
WSEC11,[]
WTSP11B,['TORRE COMPLEXO WTC']
XPCA11,[]
XPCI11,[]
XPCM11,['THE CORPORATE']
XPHT11,"['IBIS EXPO', 'PULLMAN IBIRAPUERA', 'IBIS BUDGET CURITIBA CENTRO', 'IBIS CANOAS', 'NOVOTEL CURITIBA', 'IBIS LONDRINA', 'NOVOTEL AEROPORTO PORTO ALEGRE', 'IBIS BUDGET BLUMENAU', 'IBIS STYLES PORTO ALEGRE', 'IBIS CHAPECÓ', 'IBIS FOZ DO IGUAÇU', 'IBIS BUDGET PARAISO', 'IBIS ASSIS BRASIL', 'IBIS BUDGET CURITIBA AEROPORTO']"
XPID11,[]
XPIE11,[]
XPIN11,"['APS', 'BRUKER/SMP', 'HANON', 'HANON', 'INTERCOS', 'LITENS', 'LITENS', 'LITENS', 'NORMA', 'REMA TIP TOP', 'VISKASE', 'MERCADO LIVRE', 'CONSTANTA', 'FOCO ENERGIA', 'SMART', 'SMART', 'SPLACK', 'NATURAL ONE', 'NATURAL ONE', 'SBF (CENTAURO)', 'SOGEFI', 'MCASSAB', 'AGP (ACER)', 'COMPALEAD', 'CORREIOS', 'MD SERVIÇOS', 'POLIMPORT (POLISHOP)', 'SINAL VERDE', 'MD SERVIÇOS', 'G TECH', 'CONFORT BRASIL', 'BRASILATA', 'RAZÃO (KISABOR)', 'ACQUALIMP', 'VOLO', 'BUNZL', 'TERUMO', 'HUAWEI', 'MSG', 'DEKRA', 'JOHNSON']"
XPLG11,"['CENTRO LOGÍSTICO CAJAMAR', 'CD DIA%', 'CONDOMÍNIO MULTIMODAL 1', 'CD DIA% RIBEIRÃO', 'CD LEROY', 'CD PANASONIC', 'SYSLOG GALEÃO', 'CENTRO DE DISTRIBUIÇÃO RENNER', 'GALPÃO WTTP2', 'CENTRO DE DISTRIBUIÇÃO VIA VAREJO', 'SANTANA BUSINESS PARK', 'CENTRO DE DISTRIBUIÇÃO UNILEVER', 'CD B2W', 'CD MERCADO LIVRE', 'HGLG WL', 'CD PANASONIC']"
XPML11,"['FASHION OUTLET CATARINA', 'SHOPPING PLAZA SUL', 'SHOPPING SANTANA PARQUE', 'CAXIAS SHOPPING', 'BELA VISTA SHOPPING', 'JARDIM SHOPS CIDADE', 'SHOPPING INTERNACIONAL', 'SÃO PAULO SHOPPING CIDADE', 'SHOPPING NATAL', 'DOWNTOWN SHOPPING', 'SHOPPING ESTAÇÃO BH', 'SHOPPING PONTA NEGRA', 'SHOPPING BAHIA', 'VIA PARQUE SHOPPING', 'CAMPINAS SHOPPING', 'CJ SHOPS JARDINS', 'PRAIA DE BELAS SHOPPING', 'SHOPPING ESTAÇÃO', 'TIETÊ PLAZA SHOPPING', 'SHOPPING D', 'GRAND PLAZA SHOPPING', 'SHOPPING METROPOLITANO BARRA', 'UBERLÂNDIA SHOPPING', 'SHOPPING CERRADO']"
XPPR11,"['CORPORATE EVOLUTION EDIFÍCIO', 'ITOWER EDIFÍCIO', 'EDIFÍCIO FARIA LIMA PLAZA']"
XPSF11,[]
XTED11,['OFFICE ATLÂNTICO']
YUFI11,"['MERCURIO 71', 'ARCADIA 92', 'MARIBRAS 44', 'OLGA 201', 'GABRIEL 11', 'COMODORO 52', 'COMODORO 53', 'ATIBAIA 32', 'ATIBAIA 72', 'ROSE MARIE 12', 'ATIBAIA 11', 'ROSALIA 12', 'BARROS VIANNA 142', 'ACARAÚ 62', 'PINHEIROS 2', 'RINCÃO 51', 'TUIUTI 604', 'RIO D OURO 401', 'SANTOS DUMONT 121', 'PAULA 22', 'SANTA ROSA 62', 'TURANDOT 610', 'ELIANE 72', ""COTE D'AZUR 123"", 'MANCHESTER 121', 'MANCHESTER 131', 'FLÓRIDA 206', 'VM CONNECTION 85', 'VM CONNECTION 92', 'VM CONNECTION 44', 'ALAMEDA FRANCA 102', 'VM CONNECTION 94', 'VM CONNECTION 36', 'VM CONNECTION 82', 'VM CONNECTION 38', 'VM CONNECTION 41', 'VM CONNECTION 62', 'VM CONNECTION 81', 'VM CONNECTION 31', 'VM CONNECTION 52']"
YUFI11B,[]
ZAGH11,[]
ZAVC11,[]
ZAVI11,"['ALVOAR', 'NISSEI', 'SERRA', 'SOUZA CRUZ', 'COPOBRÁS', 'MEDABIL', 'TABAPUÃ', 'SANTA LUZIA', 'SJC 1 E 2']"
ZIFI11,[]
